{"cameraMode":{"drawMode":0,"name":"Shaded","section":"Shading Mode"},"sceneLighting":true,"audioPlay":false,"sceneViewState":{"m_AlwaysRefresh":false,"showFog":true,"showSkybox":true,"showFlares":true,"showImageEffects":true,"showParticleSystems":true,"showVisualEffectGraphs":true,"m_FxEnabled":true},"in2DMode":false,"pivot":{"x":136.6016845703125,"y":-40.80558776855469,"z":160.01498413085938},"rotation":{"x":0.10812186449766159,"y":0.35109227895736697,"z":-0.04081427678465843,"w":0.9293138980865479},"size":98.73975372314453,"orthographic":false}