{"cameraMode":{"drawMode":0,"name":"Shaded","section":"Shading Mode"},"sceneLighting":false,"audioPlay":false,"sceneViewState":{"m_AlwaysRefresh":false,"showFog":true,"showSkybox":false,"showFlares":true,"showImageEffects":true,"showParticleSystems":true,"showVisualEffectGraphs":true,"m_FxEnabled":true},"in2DMode":false,"pivot":{"x":7.475302696228027,"y":0.6947857141494751,"z":23.299352645874025},"rotation":{"x":-0.2788294553756714,"y":-0.46748146414756777,"z":0.15459051728248597,"w":-0.8250705599784851},"size":1.4801931381225587,"orthographic":false}