{"cameraMode":{"drawMode":0,"name":"Shaded","section":"Shading Mode"},"sceneLighting":false,"audioPlay":false,"sceneViewState":{"m_AlwaysRefresh":false,"showFog":true,"showSkybox":false,"showFlares":true,"showImageEffects":true,"showParticleSystems":true,"showVisualEffectGraphs":true,"m_FxEnabled":true},"in2DMode":false,"pivot":{"x":-34.64765930175781,"y":7.6744585037231449,"z":-16.16461753845215},"rotation":{"x":-0.09446048736572266,"y":0.15578097105026246,"z":-0.018609540536999704,"w":-0.9835609197616577},"size":0.4330126941204071,"orthographic":false}